Surname,First name,Middle names,Email Address
Bennett,Miriam,Bethany Kasper Shaeleigh Ryder,sodales.nisi.magna@consequatauctor.ca
Fitzgerald,Harrison,Eugenia Irma Rogan Cara,gravida.nunc@Nuncut.co.uk
Brown,Fletcher,Sydnee Ebony Merritt Martha,diam@Nunccommodoauctor.ca
Barr,Eden,Christian Tatiana Marshall Lee,In@diamlorem.ca
Barlow,Conan,Jessamine Sandra Mechelle Teegan,Lorem.ipsum.dolor@pede.edu
Orr,Carlos,Odysseus Rafael Todd Raven,mi@in.com
Herring,Alexandra,Freya Ignatius Cara Jada,ac.metus@liberoMorbiaccumsan.net
Barrera,Fuller,Eleanor Marcia Akeem Dakota,est.congue.a@eu.edu
Frazier,Arden,Noel August August Dominique,rutrum.justo.Praesent@nectempus.net
Hodge,Ebony,Inez Melinda Jessamine Keiko,urna@eueratsemper.edu
Burch,Rhiannon,Grant Zephania Gay Inez,Lorem@nunc.net
Joyner,Brianna,Carol Denton Hillary Lesley,quam.vel.sapien@fermentum.ca
Chapman,Macaulay,Pearl Ivan Erasmus Alexandra,Duis.mi.enim@utpellentesqueeget.edu
Olson,Alisa,Veda Regina Murphy Nola,amet.orci.Ut@urna.org
Dudley,Melanie,Vera Rylee Willa Burke,pharetra.Quisque@Crasvulputate.ca
Trujillo,Herman,Harper Willow Sylvester Alisa,eu@ultrices.co.uk
Clarke,Mary,Gisela Marvin Noelani Ingrid,faucibus.lectus@semperegestas.co.uk
Fowler,Miranda,Stuart Kasper Kristen Hayley,dictum@mollis.ca
Langley,Graham,Brielle Irma Orlando Lareina,In.at@ipsum.org
Avery,Brandon,Sylvester Maggie Suki Judith,et@urna.net
Johnson,Ori,Elizabeth Malachi Lance Barry,Phasellus@Praesenteudui.org
Zimmerman,Fitzgerald,Darius Norman Sheila Kennedy,velit@lorem.org
Raymond,Hollee,Kessie Caryn Xenos Owen,orci@Quisquelibero.co.uk
Frederick,Shad,Maryam Jared Kay Mannix,elit.elit@nequetellusimperdiet.ca
Crane,Deborah,Zachery Kimberley Bernard Eden,eros@anteipsumprimis.co.uk
Best,Marah,Chandler Dawn Gannon Edan,eros@duiaugue.com
Britt,Whoopi,Tanner John Vanna Cassidy,sit.amet.orci@necmauris.com
Figueroa,Kay,Hakeem Alfreda Cassidy Charissa,luctus@interdumNuncsollicitudin.com
Hess,Carly,Emi Clark Amber Justin,morbi.tristique.senectus@Suspendissecommodotincidunt.edu
Landry,Justine,Zahir Hu Nerea Ivan,non.egestas.a@eu.net
Robles,Jermaine,Alexis Shelley Xavier Dustin,amet.risus.Donec@sapiengravida.net
Vaughn,Kylan,Portia Uriah Hasad Aline,odio.Phasellus.at@hendreritaarcu.org
Scott,Stone,Fulton Abra Clare Ishmael,at.pede.Cras@gravidasitamet.com
Morse,Tarik,Solomon Ignacia Garth Andrew,Aenean@eget.co.uk
Holden,Craig,Rajah Sierra Kane Cameron,eleifend.Cras.sed@adipiscingelit.co.uk
Cortez,Hadley,Bree Gemma Russell Signe,et.malesuada.fames@felisullamcorper.org
Calhoun,Aphrodite,Odette Chase Hyatt Tucker,montes.nascetur.ridiculus@nuncacmattis.net
Brewer,Kylie,Leslie Zeph Paloma Mason,Cras.lorem.lorem@Aeneangravida.net
Bates,Hilary,Clio Ronan Neville Wang,Quisque@Integer.edu
Brennan,Hamish,Ivan Benjamin Galena Shafira,est.mauris.rhoncus@nunc.com
Valentine,Bradley,Amal Grace Tarik Cairo,molestie.Sed.id@Inornare.edu
Wilson,Colin,Erasmus Kevin Briar Hayley,sed.pede@nuncac.edu
Gonzales,Whilemina,Kylynn Bert Buckminster Joseph,cursus.non.egestas@nisi.edu
Lee,Derek,Rosalyn Laura Beatrice Tad,libero.nec.ligula@sociisnatoquepenatibus.co.uk
Fitzgerald,Kylan,Colleen Marah Jonah Alea,Aliquam.tincidunt.nunc@a.ca
Hines,Hilda,Porter Nola Althea Mari,lobortis@Phasellusdapibus.com
Bray,Graham,Delilah Kasper Dalton Kareem,nec.ligula.consectetuer@nonummy.com
Short,Chaim,Davis Wylie Cade Maggie,at@velitSedmalesuada.org
Houston,Charlotte,Xenos Victoria Sarah Burton,urna@Nunccommodo.co.uk
Simon,Yuri,Maia Amir Justina Seth,volutpat@turpis.co.uk
Hardin,Giacomo,Lana Acton Idola Guinevere,sagittis.felis.Donec@placeratCras.com
Rhodes,Aaron,Wayne Cedric Leroy Jarrod,mollis.non.cursus@Cras.co.uk
Logan,Alfonso,Bryar Dieter Meghan Cynthia,adipiscing.lobortis.risus@nec.org
Willis,Caleb,Kimberley Colleen Honorato Cullen,nec.mauris.blandit@Donecnibhenim.ca
Padilla,Ifeoma,Carl Fleur Henry Orli,metus.eu@morbi.co.uk
Cline,Samuel,Jerome Leslie Colby Gregory,at.velit@arcuvel.net
Griffith,Rafael,Lewis Whitney Chaim Louis,senectus.et@risusa.org
Bradley,Sybil,Nerea Tate Ferris Brynn,purus.sapien.gravida@purus.co.uk
Padilla,Preston,Mark Karyn Denton Neville,Nunc.sed.orci@dignissim.ca
Mosley,Iola,Declan Aladdin Alisa Kay,Cras@mattis.edu
Erickson,Lilah,Dylan Forrest Travis Jordan,Pellentesque.ultricies.dignissim@Aenean.ca
Myers,Tallulah,Jenette Carolyn Thor Ursa,tristique.pellentesque@sed.org
Curtis,Roanna,Tatiana Avye Yolanda Jillian,lacus.varius.et@mauris.net
Banks,Lance,Dale Nomlanga Dara Jin,neque@orciluctuset.net
Barlow,Lucy,Sawyer Jescie Brendan Chandler,ipsum.leo.elementum@semper.co.uk
Sweet,Hanae,Herrod Colleen Alyssa Malik,semper@mollisPhasellus.ca
Acevedo,Jerry,Pamela Eugenia Ian Ezekiel,mattis@sem.co.uk
Hopper,Wynne,Marsden Cyrus Paul Burton,et.netus.et@lacus.co.uk
Beck,Porter,Cullen Jordan Suki Hiroko,nisi.nibh.lacinia@ametfaucibus.net
Riggs,Macaulay,Tanya Carson Audra Adria,eu.elit.Nulla@ametultriciessem.co.uk
Ingram,Rogan,Uriel Tad Teagan Helen,Sed@sitametnulla.edu
Ortiz,Kaseem,Venus Bianca Chava Paula,placerat.Cras.dictum@ultricesiaculisodio.edu
Witt,Eric,Ocean Dennis Madeson Plato,pede.Praesent.eu@eget.org
Robbins,Amos,Mallory Leigh Kyla Charity,ullamcorper.nisl.arcu@consectetuercursuset.ca
Lowe,Lane,Jolie Daphne Lars Yasir,augue.ac.ipsum@mi.net
Carpenter,Marah,Blair Noel Ray Hilda,elit@nequevenenatis.net
Swanson,Chandler,Duncan Garrison Jacob Cathleen,Aliquam.erat@cursusdiamat.org
Clemons,Adara,Hakeem Upton Cynthia Zephania,Nunc@diam.net
Miles,Kathleen,Sasha Daquan Vera Naida,Duis.gravida.Praesent@CuraePhasellusornare.com
Stone,Jane,Zachery Libby Ezra Ryan,ullamcorper.Duis@vulputatelacus.org
Greer,Austin,Scarlet Ursula Sloane Katell,Suspendisse@laoreet.ca
Finch,Jermaine,Donovan Kiara Colton Abbot,consequat.enim@euturpis.net
Valenzuela,Yuri,Beatrice Kellie Henry Upton,nisl.Quisque.fringilla@famesacturpis.net
Stark,Veda,Sawyer Clark Renee Larissa,Quisque.fringilla@consectetuer.co.uk
Frank,Kamal,Chava Tyrone Hedwig Elvis,aliquet.vel.vulputate@nulla.edu
Maddox,Hamish,Hayes Brittany Vladimir Carolyn,pellentesque@ullamcorpervelit.co.uk
Mcmillan,Demetria,Neville Tanek Doris May,non.dapibus.rutrum@litoratorquentper.ca
Wood,Cadman,Sylvia Sloane Prescott Noelani,bibendum.fermentum@tortor.com
Cervantes,Keegan,Lisandra Emmanuel Illiana Lucas,neque@Integerurna.ca
Houston,Mason,Martena Zeph Aurora Eleanor,ornare.elit@mauris.org
Collier,Felicia,Armand Tyler Xavier Nichole,Mauris.ut@vitaemauris.net
Baxter,Jordan,Hu Kathleen Tanya Axel,ante@Nunc.co.uk
Farrell,James,Slade Kermit Aristotle Cedric,ante.dictum@velvulputateeu.co.uk
Gardner,Rachel,Ryan Brendan Gail Scarlet,Donec.non.justo@Quisque.edu
Pratt,Bruce,Jena Courtney Noah Martha,hendrerit@sitamet.net
Kelley,Thane,Bernard Uta Kelly Madeline,dapibus.ligula@sitamet.org
Williamson,Rooney,Tana Michelle Burton Marcia,sit@Sed.ca
Carver,Glenna,Callum Vera Sean Xander,ac@amifringilla.com
Patel,Macon,Chaney Ella Harrison Damon,orci@acmetus.ca
Hayes,Chiquita,Kai Austin Christen Maris,adipiscing@nibh.net